update_id,product_id,price,currency,update_time
1001,p_201,52.26,TRY,2026-01-20 11:00:00
1002,p_202,51.5,TRY,2026-01-20 11:00:05
1003,p_203,54.2,TRY,2026-01-20 11:00:10
1004,p_204,55.69,TRY,2026-01-20 11:00:15
1005,p_205,59.45,TRY,2026-01-20 11:00:20
1006,p_206,60.91,TRY,2026-01-20 11:00:25
1007,p_207,63.47,TRY,2026-01-20 11:00:30
1008,p_208,61.95,TRY,2026-01-20 11:00:35
1009,p_209,64.99,TRY,2026-01-20 11:00:40
1010,p_210,65.12,TRY,2026-01-20 11:00:45
1011,p_211,67.57,TRY,2026-01-20 11:00:50
1012,p_212,70.42,TRY,2026-01-20 11:00:55
1013,p_213,70.21,TRY,2026-01-20 11:01:00
1014,p_214,72.6,TRY,2026-01-20 11:01:05
1015,p_215,76.1,TRY,2026-01-20 11:01:10
1016,p_216,77.38,TRY,2026-01-20 11:01:15
1017,p_217,77.78,TRY,2026-01-20 11:01:20
1018,p_218,80.96,TRY,2026-01-20 11:01:25
1019,p_219,83.54,TRY,2026-01-20 11:01:30
1020,p_220,82.03,TRY,2026-01-20 11:01:35
1021,p_221,86.92,TRY,2026-01-20 11:01:40
1022,p_222,88.19,TRY,2026-01-20 11:01:45
1023,p_223,88.46,TRY,2026-01-20 11:01:50
1024,p_224,89.42,TRY,2026-01-20 11:01:55
1025,p_225,94.33,TRY,2026-01-20 11:02:00
1026,p_226,93.55,TRY,2026-01-20 11:02:05
1027,p_227,94.27,TRY,2026-01-20 11:02:10
1028,p_228,95.99,TRY,2026-01-20 11:02:15
1029,p_229,100.69,TRY,2026-01-20 11:02:20
1030,p_230,101.41,TRY,2026-01-20 11:02:25
1031,p_231,103.93,TRY,2026-01-20 11:02:30
1032,p_232,105.32,TRY,2026-01-20 11:02:35
1033,p_233,106.24,TRY,2026-01-20 11:02:40
1034,p_234,109.69,TRY,2026-01-20 11:02:45
1035,p_235,109.01,TRY,2026-01-20 11:02:50
1036,p_236,111.41,TRY,2026-01-20 11:02:55
1037,p_237,114.22,TRY,2026-01-20 11:03:00
1038,p_238,115.07,TRY,2026-01-20 11:03:05
1039,p_239,117.75,TRY,2026-01-20 11:03:10
1040,p_240,118.31,TRY,2026-01-20 11:03:15
1041,p_201,53.42,TRY,2026-01-20 11:03:20
1042,p_202,52.48,TRY,2026-01-20 11:03:25
1043,p_203,54.91,TRY,2026-01-20 11:03:30
1044,p_204,56.86,TRY,2026-01-20 11:03:35
1045,p_205,57.72,TRY,2026-01-20 11:03:40
1046,p_206,60.03,TRY,2026-01-20 11:03:45
1047,p_207,61.2,TRY,2026-01-20 11:03:50
1048,p_208,63.61,TRY,2026-01-20 11:03:55
1049,p_209,66.74,TRY,2026-01-20 11:04:00
1050,p_210,67.36,TRY,2026-01-20 11:04:05
1051,p_211,69.08,TRY,2026-01-20 11:04:10
1052,p_212,70.14,TRY,2026-01-20 11:04:15
1053,p_213,72.07,TRY,2026-01-20 11:04:20
1054,p_214,76.45,TRY,2026-01-20 11:04:25
1055,p_215,76.99,TRY,2026-01-20 11:04:30
1056,p_216,78.54,TRY,2026-01-20 11:04:35
1057,p_217,78.48,TRY,2026-01-20 11:04:40
1058,p_218,82.42,TRY,2026-01-20 11:04:45
1059,p_219,81.85,TRY,2026-01-20 11:04:50
1060,p_220,84.42,TRY,2026-01-20 11:04:55
1061,p_221,88.56,TRY,2026-01-20 11:05:00
1062,p_222,88.86,TRY,2026-01-20 11:05:05
1063,p_223,90.23,TRY,2026-01-20 11:05:10
1064,p_224,92.44,TRY,2026-01-20 11:05:15
1065,p_225,94.77,TRY,2026-01-20 11:05:20
1066,p_226,96.2,TRY,2026-01-20 11:05:25
1067,p_227,95.72,TRY,2026-01-20 11:05:30
1068,p_228,96.63,TRY,2026-01-20 11:05:35
1069,p_229,99.46,TRY,2026-01-20 11:05:40
1070,p_230,100.97,TRY,2026-01-20 11:05:45
1071,p_231,102.44,TRY,2026-01-20 11:05:50
1072,p_232,107.07,TRY,2026-01-20 11:05:55
1073,p_233,108.51,TRY,2026-01-20 11:06:00
1074,p_234,107.96,TRY,2026-01-20 11:06:05
1075,p_235,111.02,TRY,2026-01-20 11:06:10
1076,p_236,111.68,TRY,2026-01-20 11:06:15
1077,p_237,115.46,TRY,2026-01-20 11:06:20
1078,p_238,115.34,TRY,2026-01-20 11:06:25
1079,p_239,116.26,TRY,2026-01-20 11:06:30
1080,p_240,117.89,TRY,2026-01-20 11:06:35
1081,p_201,53.75,TRY,2026-01-20 11:06:40
1082,p_202,54.25,TRY,2026-01-20 11:06:45
1083,p_203,57.24,TRY,2026-01-20 11:06:50
1084,p_204,60.19,TRY,2026-01-20 11:06:55
1085,p_205,59.9,TRY,2026-01-20 11:07:00
1086,p_206,60.88,TRY,2026-01-20 11:07:05
1087,p_207,65.69,TRY,2026-01-20 11:07:10
1088,p_208,65.44,TRY,2026-01-20 11:07:15
1089,p_209,65.46,TRY,2026-01-20 11:07:20
1090,p_210,66.99,TRY,2026-01-20 11:07:25
1091,p_211,68.94,TRY,2026-01-20 11:07:30
1092,p_212,72.71,TRY,2026-01-20 11:07:35
1093,p_213,75.07,TRY,2026-01-20 11:07:40
1094,p_214,75.29,TRY,2026-01-20 11:07:45
1095,p_215,75.55,TRY,2026-01-20 11:07:50
1096,p_216,78.53,TRY,2026-01-20 11:07:55
1097,p_217,82.68,TRY,2026-01-20 11:08:00
1098,p_218,82.52,TRY,2026-01-20 11:08:05
1099,p_219,85.98,TRY,2026-01-20 11:08:10
1100,p_220,87.24,TRY,2026-01-20 11:08:15
1101,p_221,85.55,TRY,2026-01-20 11:08:20
1102,p_222,90.08,TRY,2026-01-20 11:08:25
1103,p_223,91.63,TRY,2026-01-20 11:08:30
1104,p_224,92.75,TRY,2026-01-20 11:08:35
1105,p_225,93.37,TRY,2026-01-20 11:08:40
1106,p_226,96.56,TRY,2026-01-20 11:08:45
1107,p_227,96.15,TRY,2026-01-20 11:08:50
1108,p_228,99.14,TRY,2026-01-20 11:08:55
1109,p_229,100.91,TRY,2026-01-20 11:09:00
1110,p_230,104.62,TRY,2026-01-20 11:09:05
1111,p_231,106.0,TRY,2026-01-20 11:09:10
1112,p_232,105.25,TRY,2026-01-20 11:09:15
1113,p_233,107.9,TRY,2026-01-20 11:09:20
1114,p_234,108.31,TRY,2026-01-20 11:09:25
1115,p_235,112.95,TRY,2026-01-20 11:09:30
1116,p_236,114.48,TRY,2026-01-20 11:09:35
1117,p_237,113.89,TRY,2026-01-20 11:09:40
1118,p_238,116.96,TRY,2026-01-20 11:09:45
1119,p_239,118.54,TRY,2026-01-20 11:09:50
1120,p_240,118.41,TRY,2026-01-20 11:09:55
1121,p_201,55.45,TRY,2026-01-20 11:10:00
1122,p_202,56.26,TRY,2026-01-20 11:10:05
1123,p_203,58.91,TRY,2026-01-20 11:10:10
1124,p_204,59.62,TRY,2026-01-20 11:10:15
1125,p_205,59.2,TRY,2026-01-20 11:10:20
1126,p_206,62.2,TRY,2026-01-20 11:10:25
1127,p_207,62.68,TRY,2026-01-20 11:10:30
1128,p_208,68.02,TRY,2026-01-20 11:10:35
1129,p_209,69.51,TRY,2026-01-20 11:10:40
1130,p_210,71.03,TRY,2026-01-20 11:10:45
1131,p_211,70.63,TRY,2026-01-20 11:10:50
1132,p_212,71.33,TRY,2026-01-20 11:10:55
1133,p_213,76.31,TRY,2026-01-20 11:11:00
1134,p_214,78.29,TRY,2026-01-20 11:11:05
1135,p_215,76.54,TRY,2026-01-20 11:11:10
1136,p_216,79.84,TRY,2026-01-20 11:11:15
1137,p_217,79.88,TRY,2026-01-20 11:11:20
1138,p_218,84.34,TRY,2026-01-20 11:11:25
1139,p_219,86.06,TRY,2026-01-20 11:11:30
1140,p_220,85.21,TRY,2026-01-20 11:11:35
1141,p_221,88.3,TRY,2026-01-20 11:11:40
1142,p_222,90.3,TRY,2026-01-20 11:11:45
1143,p_223,90.86,TRY,2026-01-20 11:11:50
1144,p_224,94.99,TRY,2026-01-20 11:11:55
1145,p_225,94.89,TRY,2026-01-20 11:12:00
1146,p_226,95.75,TRY,2026-01-20 11:12:05
1147,p_227,98.76,TRY,2026-01-20 11:12:10
1148,p_228,101.22,TRY,2026-01-20 11:12:15
1149,p_229,100.8,TRY,2026-01-20 11:12:20
1150,p_230,102.95,TRY,2026-01-20 11:12:25
1151,p_231,107.38,TRY,2026-01-20 11:12:30
1152,p_232,107.7,TRY,2026-01-20 11:12:35
1153,p_233,108.55,TRY,2026-01-20 11:12:40
1154,p_234,110.57,TRY,2026-01-20 11:12:45
1155,p_235,110.68,TRY,2026-01-20 11:12:50
1156,p_236,112.8,TRY,2026-01-20 11:12:55
1157,p_237,114.95,TRY,2026-01-20 11:13:00
1158,p_238,117.65,TRY,2026-01-20 11:13:05
1159,p_239,117.92,TRY,2026-01-20 11:13:10
1160,p_240,119.58,TRY,2026-01-20 11:13:15
1161,p_201,53.58,TRY,2026-01-20 11:13:20
1162,p_202,57.52,TRY,2026-01-20 11:13:25
1163,p_203,57.62,TRY,2026-01-20 11:13:30
1164,p_204,62.02,TRY,2026-01-20 11:13:35
1165,p_205,63.54,TRY,2026-01-20 11:13:40
1166,p_206,62.08,TRY,2026-01-20 11:13:45
1167,p_207,64.45,TRY,2026-01-20 11:13:50
1168,p_208,67.88,TRY,2026-01-20 11:13:55
1169,p_209,67.76,TRY,2026-01-20 11:14:00
1170,p_210,69.13,TRY,2026-01-20 11:14:05
1171,p_211,74.04,TRY,2026-01-20 11:14:10
1172,p_212,74.28,TRY,2026-01-20 11:14:15
1173,p_213,75.59,TRY,2026-01-20 11:14:20
1174,p_214,78.54,TRY,2026-01-20 11:14:25
1175,p_215,80.33,TRY,2026-01-20 11:14:30
1176,p_216,79.56,TRY,2026-01-20 11:14:35
1177,p_217,80.89,TRY,2026-01-20 11:14:40
1178,p_218,83.92,TRY,2026-01-20 11:14:45
1179,p_219,85.59,TRY,2026-01-20 11:14:50
1180,p_220,87.47,TRY,2026-01-20 11:14:55
1181,p_221,90.22,TRY,2026-01-20 11:15:00
1182,p_222,91.69,TRY,2026-01-20 11:15:05
1183,p_223,94.64,TRY,2026-01-20 11:15:10
1184,p_224,92.79,TRY,2026-01-20 11:15:15
1185,p_225,95.71,TRY,2026-01-20 11:15:20
1186,p_226,97.16,TRY,2026-01-20 11:15:25
1187,p_227,100.95,TRY,2026-01-20 11:15:30
1188,p_228,100.19,TRY,2026-01-20 11:15:35
1189,p_229,101.66,TRY,2026-01-20 11:15:40
1190,p_230,104.39,TRY,2026-01-20 11:15:45
1191,p_231,105.99,TRY,2026-01-20 11:15:50
1192,p_232,107.11,TRY,2026-01-20 11:15:55
1193,p_233,108.7,TRY,2026-01-20 11:16:00
1194,p_234,113.09,TRY,2026-01-20 11:16:05
1195,p_235,112.87,TRY,2026-01-20 11:16:10
1196,p_236,116.25,TRY,2026-01-20 11:16:15
1197,p_237,116.7,TRY,2026-01-20 11:16:20
1198,p_238,116.4,TRY,2026-01-20 11:16:25
1199,p_239,121.9,TRY,2026-01-20 11:16:30
1200,p_240,122.94,TRY,2026-01-20 11:16:35
1201,p_201,58.08,TRY,2026-01-20 11:16:40
1202,p_202,59.61,TRY,2026-01-20 11:16:45
1203,p_203,60.99,TRY,2026-01-20 11:16:50
1204,p_204,59.97,TRY,2026-01-20 11:16:55
1205,p_205,62.94,TRY,2026-01-20 11:17:00
1206,p_206,63.55,TRY,2026-01-20 11:17:05
1207,p_207,66.0,TRY,2026-01-20 11:17:10
1208,p_208,66.33,TRY,2026-01-20 11:17:15
1209,p_209,69.32,TRY,2026-01-20 11:17:20
1210,p_210,73.44,TRY,2026-01-20 11:17:25
1211,p_211,72.26,TRY,2026-01-20 11:17:30
1212,p_212,76.04,TRY,2026-01-20 11:17:35
1213,p_213,76.42,TRY,2026-01-20 11:17:40
1214,p_214,77.99,TRY,2026-01-20 11:17:45
1215,p_215,81.83,TRY,2026-01-20 11:17:50
1216,p_216,83.68,TRY,2026-01-20 11:17:55
1217,p_217,83.62,TRY,2026-01-20 11:18:00
1218,p_218,85.97,TRY,2026-01-20 11:18:05
1219,p_219,85.42,TRY,2026-01-20 11:18:10
1220,p_220,87.69,TRY,2026-01-20 11:18:15
1221,p_221,92.07,TRY,2026-01-20 11:18:20
1222,p_222,92.22,TRY,2026-01-20 11:18:25
1223,p_223,93.77,TRY,2026-01-20 11:18:30
1224,p_224,96.29,TRY,2026-01-20 11:18:35
1225,p_225,95.23,TRY,2026-01-20 11:18:40
1226,p_226,99.04,TRY,2026-01-20 11:18:45
1227,p_227,100.41,TRY,2026-01-20 11:18:50
1228,p_228,103.51,TRY,2026-01-20 11:18:55
1229,p_229,102.43,TRY,2026-01-20 11:19:00
1230,p_230,107.34,TRY,2026-01-20 11:19:05
1231,p_231,105.52,TRY,2026-01-20 11:19:10
1232,p_232,107.64,TRY,2026-01-20 11:19:15
1233,p_233,110.98,TRY,2026-01-20 11:19:20
1234,p_234,113.0,TRY,2026-01-20 11:19:25
1235,p_235,112.94,TRY,2026-01-20 11:19:30
1236,p_236,114.18,TRY,2026-01-20 11:19:35
1237,p_237,118.96,TRY,2026-01-20 11:19:40
1238,p_238,118.08,TRY,2026-01-20 11:19:45
1239,p_239,121.18,TRY,2026-01-20 11:19:50
1240,p_240,122.98,TRY,2026-01-20 11:19:55
1241,p_201,56.78,TRY,2026-01-20 11:20:00
1242,p_202,59.13,TRY,2026-01-20 11:20:05
1243,p_203,60.59,TRY,2026-01-20 11:20:10
1244,p_204,63.94,TRY,2026-01-20 11:20:15
1245,p_205,62.72,TRY,2026-01-20 11:20:20
1246,p_206,66.46,TRY,2026-01-20 11:20:25
1247,p_207,66.25,TRY,2026-01-20 11:20:30
1248,p_208,68.58,TRY,2026-01-20 11:20:35
1249,p_209,71.39,TRY,2026-01-20 11:20:40
1250,p_210,71.6,TRY,2026-01-20 11:20:45
1251,p_211,73.36,TRY,2026-01-20 11:20:50
1252,p_212,76.81,TRY,2026-01-20 11:20:55
1253,p_213,75.79,TRY,2026-01-20 11:21:00
1254,p_214,79.03,TRY,2026-01-20 11:21:05
1255,p_215,82.89,TRY,2026-01-20 11:21:10
1256,p_216,84.58,TRY,2026-01-20 11:21:15
1257,p_217,82.59,TRY,2026-01-20 11:21:20
1258,p_218,84.85,TRY,2026-01-20 11:21:25
1259,p_219,86.76,TRY,2026-01-20 11:21:30
1260,p_220,91.13,TRY,2026-01-20 11:21:35
1261,p_221,92.62,TRY,2026-01-20 11:21:40
1262,p_222,94.32,TRY,2026-01-20 11:21:45
1263,p_223,93.98,TRY,2026-01-20 11:21:50
1264,p_224,94.83,TRY,2026-01-20 11:21:55
1265,p_225,99.23,TRY,2026-01-20 11:22:00
1266,p_226,100.41,TRY,2026-01-20 11:22:05
1267,p_227,101.75,TRY,2026-01-20 11:22:10
1268,p_228,104.95,TRY,2026-01-20 11:22:15
1269,p_229,105.32,TRY,2026-01-20 11:22:20
1270,p_230,104.43,TRY,2026-01-20 11:22:25
1271,p_231,109.37,TRY,2026-01-20 11:22:30
1272,p_232,109.0,TRY,2026-01-20 11:22:35
1273,p_233,112.15,TRY,2026-01-20 11:22:40
1274,p_234,114.96,TRY,2026-01-20 11:22:45
1275,p_235,113.44,TRY,2026-01-20 11:22:50
1276,p_236,115.06,TRY,2026-01-20 11:22:55
1277,p_237,116.73,TRY,2026-01-20 11:23:00
1278,p_238,120.21,TRY,2026-01-20 11:23:05
1279,p_239,120.79,TRY,2026-01-20 11:23:10
1280,p_240,123.82,TRY,2026-01-20 11:23:15
1281,p_201,58.87,TRY,2026-01-20 11:23:20
1282,p_202,58.51,TRY,2026-01-20 11:23:25
1283,p_203,61.94,TRY,2026-01-20 11:23:30
1284,p_204,62.16,TRY,2026-01-20 11:23:35
1285,p_205,64.75,TRY,2026-01-20 11:23:40
1286,p_206,68.12,TRY,2026-01-20 11:23:45
1287,p_207,69.58,TRY,2026-01-20 11:23:50
1288,p_208,68.27,TRY,2026-01-20 11:23:55
1289,p_209,71.29,TRY,2026-01-20 11:24:00
1290,p_210,72.41,TRY,2026-01-20 11:24:05
1291,p_211,73.01,TRY,2026-01-20 11:24:10
1292,p_212,77.78,TRY,2026-01-20 11:24:15
1293,p_213,78.95,TRY,2026-01-20 11:24:20
1294,p_214,79.15,TRY,2026-01-20 11:24:25
1295,p_215,82.76,TRY,2026-01-20 11:24:30
1296,p_216,83.71,TRY,2026-01-20 11:24:35
1297,p_217,84.91,TRY,2026-01-20 11:24:40
1298,p_218,84.94,TRY,2026-01-20 11:24:45
1299,p_219,86.9,TRY,2026-01-20 11:24:50
1300,p_220,91.83,TRY,2026-01-20 11:24:55
1301,p_221,93.62,TRY,2026-01-20 11:25:00
1302,p_222,93.88,TRY,2026-01-20 11:25:05
1303,p_223,96.74,TRY,2026-01-20 11:25:10
1304,p_224,97.43,TRY,2026-01-20 11:25:15
1305,p_225,97.39,TRY,2026-01-20 11:25:20
1306,p_226,99.01,TRY,2026-01-20 11:25:25
1307,p_227,101.43,TRY,2026-01-20 11:25:30
1308,p_228,105.5,TRY,2026-01-20 11:25:35
1309,p_229,106.78,TRY,2026-01-20 11:25:40
1310,p_230,108.74,TRY,2026-01-20 11:25:45
1311,p_231,110.6,TRY,2026-01-20 11:25:50
1312,p_232,109.54,TRY,2026-01-20 11:25:55
1313,p_233,111.4,TRY,2026-01-20 11:26:00
1314,p_234,112.51,TRY,2026-01-20 11:26:05
1315,p_235,116.92,TRY,2026-01-20 11:26:10
1316,p_236,119.04,TRY,2026-01-20 11:26:15
1317,p_237,118.83,TRY,2026-01-20 11:26:20
1318,p_238,121.38,TRY,2026-01-20 11:26:25
1319,p_239,121.22,TRY,2026-01-20 11:26:30
1320,p_240,126.02,TRY,2026-01-20 11:26:35
1321,p_201,60.36,TRY,2026-01-20 11:26:40
1322,p_202,62.5,TRY,2026-01-20 11:26:45
1323,p_203,63.54,TRY,2026-01-20 11:26:50
1324,p_204,65.53,TRY,2026-01-20 11:26:55
1325,p_205,63.8,TRY,2026-01-20 11:27:00
1326,p_206,68.35,TRY,2026-01-20 11:27:05
1327,p_207,68.43,TRY,2026-01-20 11:27:10
1328,p_208,72.52,TRY,2026-01-20 11:27:15
1329,p_209,73.71,TRY,2026-01-20 11:27:20
1330,p_210,75.66,TRY,2026-01-20 11:27:25
1331,p_211,77.14,TRY,2026-01-20 11:27:30
1332,p_212,76.67,TRY,2026-01-20 11:27:35
1333,p_213,80.45,TRY,2026-01-20 11:27:40
1334,p_214,79.43,TRY,2026-01-20 11:27:45
1335,p_215,84.19,TRY,2026-01-20 11:27:50
1336,p_216,85.83,TRY,2026-01-20 11:27:55
1337,p_217,84.99,TRY,2026-01-20 11:28:00
1338,p_218,89.07,TRY,2026-01-20 11:28:05
1339,p_219,89.34,TRY,2026-01-20 11:28:10
1340,p_220,90.42,TRY,2026-01-20 11:28:15
1341,p_221,94.08,TRY,2026-01-20 11:28:20
1342,p_222,93.51,TRY,2026-01-20 11:28:25
1343,p_223,94.39,TRY,2026-01-20 11:28:30
1344,p_224,96.77,TRY,2026-01-20 11:28:35
1345,p_225,99.01,TRY,2026-01-20 11:28:40
1346,p_226,102.86,TRY,2026-01-20 11:28:45
1347,p_227,104.97,TRY,2026-01-20 11:28:50
1348,p_228,103.92,TRY,2026-01-20 11:28:55
1349,p_229,107.07,TRY,2026-01-20 11:29:00
1350,p_230,107.8,TRY,2026-01-20 11:29:05
1351,p_231,111.82,TRY,2026-01-20 11:29:10
1352,p_232,111.74,TRY,2026-01-20 11:29:15
1353,p_233,115.06,TRY,2026-01-20 11:29:20
1354,p_234,113.46,TRY,2026-01-20 11:29:25
1355,p_235,118.58,TRY,2026-01-20 11:29:30
1356,p_236,117.11,TRY,2026-01-20 11:29:35
1357,p_237,121.95,TRY,2026-01-20 11:29:40
1358,p_238,120.86,TRY,2026-01-20 11:29:45
1359,p_239,121.93,TRY,2026-01-20 11:29:50
1360,p_240,124.94,TRY,2026-01-20 11:29:55
1361,p_201,60.71,TRY,2026-01-20 11:30:00
1362,p_202,60.75,TRY,2026-01-20 11:30:05
1363,p_203,63.62,TRY,2026-01-20 11:30:10
1364,p_204,64.95,TRY,2026-01-20 11:30:15
1365,p_205,66.14,TRY,2026-01-20 11:30:20
1366,p_206,68.61,TRY,2026-01-20 11:30:25
1367,p_207,69.02,TRY,2026-01-20 11:30:30
1368,p_208,72.54,TRY,2026-01-20 11:30:35
1369,p_209,71.41,TRY,2026-01-20 11:30:40
1370,p_210,76.8,TRY,2026-01-20 11:30:45
1371,p_211,76.95,TRY,2026-01-20 11:30:50
1372,p_212,79.38,TRY,2026-01-20 11:30:55
1373,p_213,81.17,TRY,2026-01-20 11:31:00
1374,p_214,82.58,TRY,2026-01-20 11:31:05
1375,p_215,83.06,TRY,2026-01-20 11:31:10
1376,p_216,83.58,TRY,2026-01-20 11:31:15
1377,p_217,87.66,TRY,2026-01-20 11:31:20
1378,p_218,88.02,TRY,2026-01-20 11:31:25
1379,p_219,89.66,TRY,2026-01-20 11:31:30
1380,p_220,93.49,TRY,2026-01-20 11:31:35
1381,p_221,94.68,TRY,2026-01-20 11:31:40
1382,p_222,94.7,TRY,2026-01-20 11:31:45
1383,p_223,96.44,TRY,2026-01-20 11:31:50
1384,p_224,98.53,TRY,2026-01-20 11:31:55
1385,p_225,100.21,TRY,2026-01-20 11:32:00
1386,p_226,101.48,TRY,2026-01-20 11:32:05
1387,p_227,102.51,TRY,2026-01-20 11:32:10
1388,p_228,105.38,TRY,2026-01-20 11:32:15
1389,p_229,109.16,TRY,2026-01-20 11:32:20
1390,p_230,109.81,TRY,2026-01-20 11:32:25
1391,p_231,112.41,TRY,2026-01-20 11:32:30
1392,p_232,112.96,TRY,2026-01-20 11:32:35
1393,p_233,113.4,TRY,2026-01-20 11:32:40
1394,p_234,116.09,TRY,2026-01-20 11:32:45
1395,p_235,115.6,TRY,2026-01-20 11:32:50
1396,p_236,118.45,TRY,2026-01-20 11:32:55
1397,p_237,120.72,TRY,2026-01-20 11:33:00
1398,p_238,123.02,TRY,2026-01-20 11:33:05
1399,p_239,125.02,TRY,2026-01-20 11:33:10
1400,p_240,125.96,TRY,2026-01-20 11:33:15
1401,p_201,60.47,TRY,2026-01-20 11:33:20
1402,p_202,61.25,TRY,2026-01-20 11:33:25
1403,p_203,63.99,TRY,2026-01-20 11:33:30
1404,p_204,67.4,TRY,2026-01-20 11:33:35
1405,p_205,68.68,TRY,2026-01-20 11:33:40
1406,p_206,67.88,TRY,2026-01-20 11:33:45
1407,p_207,69.24,TRY,2026-01-20 11:33:50
1408,p_208,72.66,TRY,2026-01-20 11:33:55
1409,p_209,74.83,TRY,2026-01-20 11:34:00
1410,p_210,75.34,TRY,2026-01-20 11:34:05
1411,p_211,78.97,TRY,2026-01-20 11:34:10
1412,p_212,80.4,TRY,2026-01-20 11:34:15
1413,p_213,81.79,TRY,2026-01-20 11:34:20
1414,p_214,81.7,TRY,2026-01-20 11:34:25
1415,p_215,83.3,TRY,2026-01-20 11:34:30
1416,p_216,84.3,TRY,2026-01-20 11:34:35
1417,p_217,86.88,TRY,2026-01-20 11:34:40
1418,p_218,89.5,TRY,2026-01-20 11:34:45
1419,p_219,92.7,TRY,2026-01-20 11:34:50
1420,p_220,91.29,TRY,2026-01-20 11:34:55
1421,p_221,94.36,TRY,2026-01-20 11:35:00
1422,p_222,96.92,TRY,2026-01-20 11:35:05
1423,p_223,96.88,TRY,2026-01-20 11:35:10
1424,p_224,100.59,TRY,2026-01-20 11:35:15
1425,p_225,101.48,TRY,2026-01-20 11:35:20
1426,p_226,102.18,TRY,2026-01-20 11:35:25
1427,p_227,105.52,TRY,2026-01-20 11:35:30
1428,p_228,104.62,TRY,2026-01-20 11:35:35
1429,p_229,109.3,TRY,2026-01-20 11:35:40
1430,p_230,111.08,TRY,2026-01-20 11:35:45
1431,p_231,110.13,TRY,2026-01-20 11:35:50
1432,p_232,113.1,TRY,2026-01-20 11:35:55
1433,p_233,113.8,TRY,2026-01-20 11:36:00
1434,p_234,118.63,TRY,2026-01-20 11:36:05
1435,p_235,118.57,TRY,2026-01-20 11:36:10
1436,p_236,118.4,TRY,2026-01-20 11:36:15
1437,p_237,120.9,TRY,2026-01-20 11:36:20
1438,p_238,124.99,TRY,2026-01-20 11:36:25
1439,p_239,125.13,TRY,2026-01-20 11:36:30
1440,p_240,128.21,TRY,2026-01-20 11:36:35
1441,p_201,62.27,TRY,2026-01-20 11:36:40
1442,p_202,65.25,TRY,2026-01-20 11:36:45
1443,p_203,65.38,TRY,2026-01-20 11:36:50
1444,p_204,68.5,TRY,2026-01-20 11:36:55
1445,p_205,69.97,TRY,2026-01-20 11:37:00
1446,p_206,70.55,TRY,2026-01-20 11:37:05
1447,p_207,72.68,TRY,2026-01-20 11:37:10
1448,p_208,73.52,TRY,2026-01-20 11:37:15
1449,p_209,76.52,TRY,2026-01-20 11:37:20
1450,p_210,77.09,TRY,2026-01-20 11:37:25
1451,p_211,80.19,TRY,2026-01-20 11:37:30
1452,p_212,81.27,TRY,2026-01-20 11:37:35
1453,p_213,81.9,TRY,2026-01-20 11:37:40
1454,p_214,82.74,TRY,2026-01-20 11:37:45
1455,p_215,84.39,TRY,2026-01-20 11:37:50
1456,p_216,87.65,TRY,2026-01-20 11:37:55
1457,p_217,89.86,TRY,2026-01-20 11:38:00
1458,p_218,90.59,TRY,2026-01-20 11:38:05
1459,p_219,92.71,TRY,2026-01-20 11:38:10
1460,p_220,93.0,TRY,2026-01-20 11:38:15
1461,p_221,93.91,TRY,2026-01-20 11:38:20
1462,p_222,96.44,TRY,2026-01-20 11:38:25
1463,p_223,98.09,TRY,2026-01-20 11:38:30
1464,p_224,99.98,TRY,2026-01-20 11:38:35
1465,p_225,102.56,TRY,2026-01-20 11:38:40
1466,p_226,102.65,TRY,2026-01-20 11:38:45
1467,p_227,104.73,TRY,2026-01-20 11:38:50
1468,p_228,108.28,TRY,2026-01-20 11:38:55
1469,p_229,110.03,TRY,2026-01-20 11:39:00
1470,p_230,109.16,TRY,2026-01-20 11:39:05
1471,p_231,112.23,TRY,2026-01-20 11:39:10
1472,p_232,114.47,TRY,2026-01-20 11:39:15
1473,p_233,115.66,TRY,2026-01-20 11:39:20
1474,p_234,116.53,TRY,2026-01-20 11:39:25
1475,p_235,119.08,TRY,2026-01-20 11:39:30
1476,p_236,122.72,TRY,2026-01-20 11:39:35
1477,p_237,123.14,TRY,2026-01-20 11:39:40
1478,p_238,125.28,TRY,2026-01-20 11:39:45
1479,p_239,127.63,TRY,2026-01-20 11:39:50
1480,p_240,128.96,TRY,2026-01-20 11:39:55
1481,p_201,62.02,TRY,2026-01-20 11:40:00
1482,p_202,62.22,TRY,2026-01-20 11:40:05
1483,p_203,65.31,TRY,2026-01-20 11:40:10
1484,p_204,68.61,TRY,2026-01-20 11:40:15
1485,p_205,70.71,TRY,2026-01-20 11:40:20
1486,p_206,72.81,TRY,2026-01-20 11:40:25
1487,p_207,72.38,TRY,2026-01-20 11:40:30
1488,p_208,75.39,TRY,2026-01-20 11:40:35
1489,p_209,76.28,TRY,2026-01-20 11:40:40
1490,p_210,78.21,TRY,2026-01-20 11:40:45
1491,p_211,78.38,TRY,2026-01-20 11:40:50
1492,p_212,80.08,TRY,2026-01-20 11:40:55
1493,p_213,82.64,TRY,2026-01-20 11:41:00
1494,p_214,82.72,TRY,2026-01-20 11:41:05
1495,p_215,85.64,TRY,2026-01-20 11:41:10
1496,p_216,88.72,TRY,2026-01-20 11:41:15
1497,p_217,89.32,TRY,2026-01-20 11:41:20
1498,p_218,90.06,TRY,2026-01-20 11:41:25
1499,p_219,92.97,TRY,2026-01-20 11:41:30
1500,p_220,93.31,TRY,2026-01-20 11:41:35
1501,p_221,96.99,TRY,2026-01-20 11:41:40
1502,p_222,96.31,TRY,2026-01-20 11:41:45
1503,p_223,99.48,TRY,2026-01-20 11:41:50
1504,p_224,101.86,TRY,2026-01-20 11:41:55
1505,p_225,101.41,TRY,2026-01-20 11:42:00
1506,p_226,105.57,TRY,2026-01-20 11:42:05
1507,p_227,105.24,TRY,2026-01-20 11:42:10
1508,p_228,108.25,TRY,2026-01-20 11:42:15
1509,p_229,108.3,TRY,2026-01-20 11:42:20
1510,p_230,111.32,TRY,2026-01-20 11:42:25
1511,p_231,112.35,TRY,2026-01-20 11:42:30
1512,p_232,114.51,TRY,2026-01-20 11:42:35
1513,p_233,117.94,TRY,2026-01-20 11:42:40
1514,p_234,118.12,TRY,2026-01-20 11:42:45
1515,p_235,121.31,TRY,2026-01-20 11:42:50
1516,p_236,123.33,TRY,2026-01-20 11:42:55
1517,p_237,122.71,TRY,2026-01-20 11:43:00
1518,p_238,123.73,TRY,2026-01-20 11:43:05
1519,p_239,125.18,TRY,2026-01-20 11:43:10
1520,p_240,128.96,TRY,2026-01-20 11:43:15
1521,p_201,65.4,TRY,2026-01-20 11:43:20
1522,p_202,64.5,TRY,2026-01-20 11:43:25
1523,p_203,67.4,TRY,2026-01-20 11:43:30
1524,p_204,69.62,TRY,2026-01-20 11:43:35
1525,p_205,70.81,TRY,2026-01-20 11:43:40
1526,p_206,72.92,TRY,2026-01-20 11:43:45
1527,p_207,75.4,TRY,2026-01-20 11:43:50
1528,p_208,74.1,TRY,2026-01-20 11:43:55
1529,p_209,75.08,TRY,2026-01-20 11:44:00
1530,p_210,77.31,TRY,2026-01-20 11:44:05
1531,p_211,78.9,TRY,2026-01-20 11:44:10
1532,p_212,82.78,TRY,2026-01-20 11:44:15
1533,p_213,84.06,TRY,2026-01-20 11:44:20
1534,p_214,84.37,TRY,2026-01-20 11:44:25
1535,p_215,88.0,TRY,2026-01-20 11:44:30
1536,p_216,89.97,TRY,2026-01-20 11:44:35
1537,p_217,89.27,TRY,2026-01-20 11:44:40
1538,p_218,92.73,TRY,2026-01-20 11:44:45
1539,p_219,94.99,TRY,2026-01-20 11:44:50
1540,p_220,94.16,TRY,2026-01-20 11:44:55
1541,p_221,98.68,TRY,2026-01-20 11:45:00
1542,p_222,100.96,TRY,2026-01-20 11:45:05
1543,p_223,99.23,TRY,2026-01-20 11:45:10
1544,p_224,100.6,TRY,2026-01-20 11:45:15
1545,p_225,103.45,TRY,2026-01-20 11:45:20
1546,p_226,106.61,TRY,2026-01-20 11:45:25
1547,p_227,109.43,TRY,2026-01-20 11:45:30
1548,p_228,108.89,TRY,2026-01-20 11:45:35
1549,p_229,111.86,TRY,2026-01-20 11:45:40
1550,p_230,111.0,TRY,2026-01-20 11:45:45
1551,p_231,115.16,TRY,2026-01-20 11:45:50
1552,p_232,116.61,TRY,2026-01-20 11:45:55
1553,p_233,116.21,TRY,2026-01-20 11:46:00
1554,p_234,120.59,TRY,2026-01-20 11:46:05
1555,p_235,122.6,TRY,2026-01-20 11:46:10
1556,p_236,123.3,TRY,2026-01-20 11:46:15
1557,p_237,123.08,TRY,2026-01-20 11:46:20
1558,p_238,128.24,TRY,2026-01-20 11:46:25
1559,p_239,129.13,TRY,2026-01-20 11:46:30
1560,p_240,129.09,TRY,2026-01-20 11:46:35
1561,p_201,64.01,TRY,2026-01-20 11:46:40
1562,p_202,65.48,TRY,2026-01-20 11:46:45
1563,p_203,67.72,TRY,2026-01-20 11:46:50
1564,p_204,68.76,TRY,2026-01-20 11:46:55
1565,p_205,72.5,TRY,2026-01-20 11:47:00
1566,p_206,74.09,TRY,2026-01-20 11:47:05
1567,p_207,72.92,TRY,2026-01-20 11:47:10
1568,p_208,78.04,TRY,2026-01-20 11:47:15
1569,p_209,78.44,TRY,2026-01-20 11:47:20
1570,p_210,80.91,TRY,2026-01-20 11:47:25
1571,p_211,82.13,TRY,2026-01-20 11:47:30
1572,p_212,82.74,TRY,2026-01-20 11:47:35
1573,p_213,85.64,TRY,2026-01-20 11:47:40
1574,p_214,88.26,TRY,2026-01-20 11:47:45
1575,p_215,87.18,TRY,2026-01-20 11:47:50
1576,p_216,91.03,TRY,2026-01-20 11:47:55
1577,p_217,91.65,TRY,2026-01-20 11:48:00
1578,p_218,93.13,TRY,2026-01-20 11:48:05
1579,p_219,94.64,TRY,2026-01-20 11:48:10
1580,p_220,97.52,TRY,2026-01-20 11:48:15
1581,p_221,97.37,TRY,2026-01-20 11:48:20
1582,p_222,101.41,TRY,2026-01-20 11:48:25
1583,p_223,103.02,TRY,2026-01-20 11:48:30
1584,p_224,101.75,TRY,2026-01-20 11:48:35
1585,p_225,106.63,TRY,2026-01-20 11:48:40
1586,p_226,105.78,TRY,2026-01-20 11:48:45
1587,p_227,108.36,TRY,2026-01-20 11:48:50
1588,p_228,110.64,TRY,2026-01-20 11:48:55
1589,p_229,111.42,TRY,2026-01-20 11:49:00
1590,p_230,111.71,TRY,2026-01-20 11:49:05
1591,p_231,116.7,TRY,2026-01-20 11:49:10
1592,p_232,115.73,TRY,2026-01-20 11:49:15
1593,p_233,117.55,TRY,2026-01-20 11:49:20
1594,p_234,121.59,TRY,2026-01-20 11:49:25
1595,p_235,121.46,TRY,2026-01-20 11:49:30
1596,p_236,125.32,TRY,2026-01-20 11:49:35
1597,p_237,126.3,TRY,2026-01-20 11:49:40
1598,p_238,126.31,TRY,2026-01-20 11:49:45
1599,p_239,126.94,TRY,2026-01-20 11:49:50
1600,p_240,132.39,TRY,2026-01-20 11:49:55