state,customer_segment,total_orders,total_sales_amount,avg_delivery_days
MA,new,74,82865.24,3.49
CA,vip,152,174211.27,4.15
FL,new,74,81925.53,3.71
TX,vip,142,177265.88,3.87
FL,vip,54,64470.14,4.06
MA,returning,56,60646.46,3.91
IL,returning,78,82190.88,4
TX,new,137,159559.78,4.13
IL,vip,73,75311.2,3.97
MA,vip,72,93822.11,4.05
TX,returning,128,142892.49,3.79
NY,returning,68,68385.98,3.94
CA,returning,124,142382.08,3.48
AZ,new,57,52008.13,4.11
WA,new,55,55927.42,3.71
AZ,vip,65,72863.56,4.23
WA,returning,70,83421.44,4.31
AZ,returning,60,66014.51,3.67
WA,vip,66,74801.08,3.93
NY,vip,71,75486.19,4.21
FL,returning,55,58307.9,4.27
CA,new,139,161544.21,4.06
NY,new,53,63959.55,3.73
IL,new,77,96289.71,4.25
